playerName,sal,pos,team,opp,proj
Christian McCaffrey,8500,RB,CAR,KC,0
DeAndre Hopkins,8200,WR,ARI,MIA,0
Dalvin Cook,8200,RB,MIN,DET,0
Patrick Mahomes,8100,QB,KC,CAR,0
Derrick Henry,7900,RB,TEN,CHI,0
DK Metcalf,7800,WR,SEA,BUF,0
Kyler Murray,7800,QB,ARI,MIA,0
Russell Wilson,7600,QB,SEA,BUF,0
Stefon Diggs,7400,WR,BUF,SEA,0
Travis Kelce,7200,TE,KC,CAR,0
Julio Jones,7200,WR,ATL,DEN,0
Tyreek Hill,7100,WR,KC,CAR,0
Deshaun Watson,7100,QB,HOU,JAX,0
Keenan Allen,7000,WR,LAC,LV,0
Josh Allen,7000,QB,BUF,SEA,0
Calvin Ridley,7000,WR,ATL,DEN,0
James Robinson,7000,RB,JAX,HOU,0
Lamar Jackson,6900,QB,BAL,IND,0
Allen Robinson II,6900,WR,CHI,TEN,0
James Conner,6900,RB,PIT,DAL,0
Justin Herbert,6800,QB,LAC,LV,0
Tyler Lockett,6800,WR,SEA,BUF,0
Chase Edmonds,6800,RB,ARI,MIA,0
Will Fuller V,6800,WR,HOU,JAX,0
Mike Davis,6700,RB,CAR,KC,0
Adam Thielen,6700,WR,MIN,DET,0
Matthew Stafford,6600,QB,DET,MIN,0
A.J. Brown,6600,WR,TEN,CHI,0
Ezekiel Elliott,6600,RB,DAL,PIT,0
Chris Carson,6500,RB,SEA,BUF,0
Terry McLaurin,6500,WR,WAS,NYG,0
Ben Roethlisberger,6500,QB,PIT,DAL,0
Matt Ryan,6400,QB,ATL,DEN,0
Kenny Golladay,6400,WR,DET,MIN,0
Josh Jacobs,6300,RB,LV,LAC,0
Robby Anderson,6300,WR,CAR,KC,0
Ryan Tannehill,6300,QB,TEN,CHI,0
Todd Gurley II,6200,RB,ATL,DEN,0
Kirk Cousins,6200,QB,MIN,DET,0
JuJu Smith-Schuster,6200,WR,PIT,DAL,0
Clyde Edwards-Helaire,6100,RB,KC,CAR,0
Justin Jefferson,6100,WR,MIN,DET,0
Teddy Bridgewater,6000,QB,CAR,KC,0
Jonathan Taylor,6000,RB,IND,BAL,0
Marquise Brown,6000,WR,BAL,IND,0
Myles Gaskin,5900,RB,MIA,ARI,0
Corey Davis,5900,WR,TEN,CHI,0
Darren Waller,5800,TE,LV,LAC,0
Gardner Minshew II,5800,QB,JAX,HOU,0
Antonio Gibson,5800,RB,WAS,NYG,0
Derek Carr,5700,QB,LV,LAC,0
David Montgomery,5700,RB,CHI,TEN,0
Chase Claypool,5700,WR,PIT,DAL,0
DJ Moore,5600,WR,CAR,KC,0
Philip Rivers,5600,QB,IND,BAL,0
David Johnson,5600,RB,HOU,JAX,0
Amari Cooper,5600,WR,DAL,PIT,0
Tua Tagovailoa,5500,QB,MIA,ARI,0
Brandin Cooks,5500,WR,HOU,JAX,0
Nick Foles,5500,QB,CHI,TEN,0
Austin Ekeler,5400,RB,LAC,LV,0
Cole Beasley,5400,WR,BUF,SEA,0
Daniel Jones,5400,QB,NYG,WAS,0
Melvin Gordon III,5300,RB,DEN,ATL,0
Christian Kirk,5300,WR,ARI,MIA,0
Kyle Allen,5300,QB,WAS,NYG,0
Zack Moss,5200,RB,BUF,SEA,0
Drew Lock,5200,QB,DEN,ATL,0
Phillip Lindsay,5200,RB,DEN,ATL,0
DeVante Parker,5200,WR,MIA,ARI,0
DJ Chark Jr.,5200,WR,JAX,HOU,0
Andy Dalton,5200,QB,DAL,PIT,0
Mike Williams,5100,WR,LAC,LV,0
Le'Veon Bell,5100,RB,KC,CAR,0
Carlos Hyde,5100,RB,SEA,BUF,0
Marvin Jones Jr.,5100,WR,DET,MIN,0
T.J. Hockenson,5100,TE,DET,MIN,0
DeeJay Dallas,5000,RB,SEA,BUF,0
Ryan Fitzpatrick,5000,QB,MIA,ARI,0
D'Andre Swift,5000,RB,DET,MIN,0
Darius Slayton,5000,WR,NYG,WAS,0
Diontae Johnson,5000,WR,PIT,DAL,0
Justin Jackson,4900,RB,LAC,LV,0
Henry Ruggs III,4900,WR,LV,LAC,0
Tim Patrick,4900,WR,DEN,ATL,0
J.K. Dobbins,4900,RB,BAL,IND,0
AJ McCarron,4900,QB,HOU,JAX,0
Mike Glennon,4900,QB,JAX,HOU,0
Jake Luton,4900,QB,JAX,HOU,0
CeeDee Lamb,4900,WR,DAL,PIT,0
Steelers ,4900,DST,PIT,DAL,0
P.J. Walker,4800,QB,CAR,KC,0
Mecole Hardman,4800,WR,KC,CAR,0
Mark Ingram II,4800,RB,BAL,IND,0
Gus Edwards,4800,RB,BAL,IND,0
Mark Andrews,4800,TE,BAL,IND,0
Alex Smith,4800,QB,WAS,NYG,0
Dwayne Haskins Jr.,4800,QB,WAS,NYG,0
Sterling Shepard,4800,WR,NYG,WAS,0
Ben DiNucci,4800,QB,DAL,PIT,0
Garrett Gilbert,4800,QB,DAL,PIT,0
Cooper Rush,4800,QB,DAL,PIT,0
Nelson Agholor,4700,WR,LV,LAC,0
Devin Singletary,4700,RB,BUF,SEA,0
Jerry Jeudy,4700,WR,DEN,ATL,0
Kenyan Drake,4700,RB,ARI,MIA,0
Marcus Mariota,4600,QB,LV,LAC,0
Sammy Watkins,4600,WR,KC,CAR,0
John Brown,4600,WR,BUF,SEA,0
Matt Schaub,4600,QB,ATL,DEN,0
Noah Fant,4600,TE,DEN,ATL,0
T.Y. Hilton,4600,WR,IND,BAL,0
Devonta Freeman,4600,RB,NYG,WAS,0
Will Grier,4500,QB,CAR,KC,0
Matt Barkley,4500,QB,BUF,SEA,0
Russell Gage,4500,WR,ATL,DEN,0
Randall Cobb,4500,WR,HOU,JAX,0
Wayne Gallman Jr.,4500,RB,NYG,WAS,0
Mitchell Trubisky,4500,QB,CHI,TEN,0
Eric Ebron,4500,TE,PIT,DAL,0
Nathan Peterman,4400,QB,LV,LAC,0
Joshua Kelley,4400,RB,LAC,LV,0
Curtis Samuel,4400,WR,CAR,KC,0
Mike Gesicki,4400,TE,MIA,ARI,0
Jacoby Brissett,4400,QB,IND,BAL,0
Nyheim Hines,4400,RB,IND,BAL,0
Zach Pascal,4300,WR,IND,BAL,0
J.D. McKissic,4300,RB,WAS,NYG,0
Evan Engram,4300,TE,NYG,WAS,0
Tyrod Taylor,4200,QB,LAC,LV,0
Jordan Wilkins,4200,RB,IND,BAL,0
Laviska Shenault Jr.,4200,WR,JAX,HOU,0
Darren Fells,4200,TE,HOU,JAX,0
Mason Rudolph,4200,QB,PIT,DAL,0
Hunter Renfrow,4100,WR,LV,LAC,0
Chad Henne,4100,QB,KC,CAR,0
Hayden Hurst,4100,TE,ATL,DEN,0
Chris Streveler,4100,QB,ARI,MIA,0
Preston Williams,4100,WR,MIA,ARI,0
Robert Griffin III,4100,QB,BAL,IND,0
Willie Snead IV,4100,WR,BAL,IND,0
Colt McCoy,4100,QB,NYG,WAS,0
Dion Lewis,4100,RB,NYG,WAS,0
Logan Woodside,4100,QB,TEN,CHI,0
Easton Stick,4000,QB,LAC,LV,0
Troymaine Pope,4000,RB,LAC,LV,0
Gabe Nabers,4000,RB,LAC,LV,0
Jalen Richard,4000,RB,LV,LAC,0
Devontae Booker,4000,RB,LV,LAC,0
Alec Ingold,4000,RB,LV,LAC,0
Hunter Henry,4000,TE,LAC,LV,0
Trenton Cannon,4000,RB,CAR,KC,0
Alex Armah,4000,RB,CAR,KC,0
Darrel Williams,4000,RB,KC,CAR,0
Darwin Thompson,4000,RB,KC,CAR,0
DeAndre Washington,4000,RB,KC,CAR,0
Geno Smith,4000,QB,SEA,BUF,0
Jake Fromm,4000,QB,BUF,SEA,0
Travis Homer,4000,RB,SEA,BUF,0
Rashaad Penny,4000,RB,SEA,BUF,0
Nick Bellore,4000,RB,SEA,BUF,0
T.J. Yeldon,4000,RB,BUF,SEA,0
Taiwan Jones,4000,RB,BUF,SEA,0
Brett Rypien,4000,QB,DEN,ATL,0
Jeff Driskel,4000,QB,DEN,ATL,0
Royce Freeman,4000,RB,DEN,ATL,0
LeVante Bellamy,4000,RB,DEN,ATL,0
Brian Hill,4000,RB,ATL,DEN,0
Ito Smith,4000,RB,ATL,DEN,0
Qadree Ollison,4000,RB,ATL,DEN,0
Keith Smith,4000,RB,ATL,DEN,0
Brett Hundley,4000,QB,ARI,MIA,0
Eno Benjamin,4000,RB,ARI,MIA,0
Jonathan Ward,4000,RB,ARI,MIA,0
Matt Breida,4000,RB,MIA,ARI,0
Patrick Laird,4000,RB,MIA,ARI,0
Jordan Howard,4000,RB,MIA,ARI,0
Malcolm Perry,4000,RB,MIA,ARI,0
Salvon Ahmed,4000,RB,MIA,ARI,0
Chandler Cox,4000,RB,MIA,ARI,0
Trace McSorley,4000,QB,BAL,IND,0
Jacob Eason,4000,QB,IND,BAL,0
Justice Hill,4000,RB,BAL,IND,0
Patrick Ricard,4000,RB,BAL,IND,0
Marlon Mack,4000,RB,IND,BAL,0
Chris Thompson,4000,RB,JAX,HOU,0
Devine Ozigbo,4000,RB,JAX,HOU,0
Dare Ogunbowale,4000,RB,JAX,HOU,0
Ryquell Armstead,4000,RB,JAX,HOU,0
Bruce Miller,4000,RB,JAX,HOU,0
Duke Johnson,4000,RB,HOU,JAX,0
Buddy Howell,4000,RB,HOU,JAX,0
Scottie Phillips,4000,RB,HOU,JAX,0
C.J. Prosise,4000,RB,HOU,JAX,0
Cullen Gillaspia,4000,RB,HOU,JAX,0
Keelan Cole,4000,WR,JAX,HOU,0
Sean Mannion,4000,QB,MIN,DET,0
Chase Daniel,4000,QB,DET,MIN,0
David Blough,4000,QB,DET,MIN,0
Alexander Mattison,4000,RB,MIN,DET,0
Mike Boone,4000,RB,MIN,DET,0
Ameer Abdullah,4000,RB,MIN,DET,0
C.J. Ham,4000,RB,MIN,DET,0
Adrian Peterson,4000,RB,DET,MIN,0
Kerryon Johnson,4000,RB,DET,MIN,0
Jason Cabinda,4000,RB,DET,MIN,0
Peyton Barber,4000,RB,WAS,NYG,0
Bryce Love,4000,RB,WAS,NYG,0
Saquon Barkley,4000,RB,NYG,WAS,0
Elijhaa Penny,4000,RB,NYG,WAS,0
Jeremy McNichols,4000,RB,TEN,CHI,0
D'Onta Foreman,4000,RB,TEN,CHI,0
Darrynton Evans,4000,RB,TEN,CHI,0
Senorise Perry,4000,RB,TEN,CHI,0
Khari Blasingame,4000,RB,TEN,CHI,0
Ryan Nall,4000,RB,CHI,TEN,0
Artavis Pierce,4000,RB,CHI,TEN,0
Tarik Cohen,4000,RB,CHI,TEN,0
Anthony Miller,4000,WR,CHI,TEN,0
Josh Dobbs,4000,QB,PIT,DAL,0
Dak Prescott,4000,QB,DAL,PIT,0
Benny Snell Jr.,4000,RB,PIT,DAL,0
Anthony McFarland Jr.,4000,RB,PIT,DAL,0
Jaylen Samuels,4000,RB,PIT,DAL,0
Trey Edmunds,4000,RB,PIT,DAL,0
Derek Watt,4000,RB,PIT,DAL,0
Tony Pollard,4000,RB,DAL,PIT,0
Rico Dowdle,4000,RB,DAL,PIT,0
Michael Gallup,4000,WR,DAL,PIT,0
Michael Pittman Jr.,3900,WR,IND,BAL,0
Darnell Mooney,3900,WR,CHI,TEN,0
Jonnu Smith,3900,TE,TEN,CHI,0
Larry Fitzgerald,3800,WR,ARI,MIA,0
Marvin Hall,3800,WR,DET,MIN,0
Jimmy Graham,3800,TE,CHI,TEN,0
Chiefs ,3700,DST,KC,CAR,0
Danny Amendola,3700,WR,DET,MIN,0
Golden Tate,3700,WR,NYG,WAS,0
Logan Thomas,3700,TE,WAS,NYG,0
Dalton Schultz,3600,TE,DAL,PIT,0
Bryan Edwards,3500,WR,LV,LAC,0
Parris Campbell,3500,WR,IND,BAL,0
Trey Burton,3500,TE,IND,BAL,0
Ravens ,3500,DST,BAL,IND,0
Dawson Knox,3400,TE,BUF,SEA,0
KJ Hamler,3400,WR,DEN,ATL,0
WAS Football Team ,3400,DST,WAS,NYG,0
Adam Humphries,3400,WR,TEN,CHI,0
Colts ,3300,DST,IND,BAL,0
Jordan Akins,3300,TE,HOU,JAX,0
Dontrelle Inman,3300,WR,WAS,NYG,0
Demarcus Robinson,3200,WR,KC,CAR,0
Gabriel Davis,3200,WR,BUF,SEA,0
Tyler Kroft,3200,TE,BUF,SEA,0
DaeSean Hamilton,3200,WR,DEN,ATL,0
Andy Isabella,3200,WR,ARI,MIA,0
Miles Boykin,3200,WR,BAL,IND,0
Cordarrelle Patterson,3200,WR,CHI,TEN,0
Bears ,3200,DST,CHI,TEN,0
Jalen Guyton,3100,WR,LAC,LV,0
David Moore,3100,WR,SEA,BUF,0
Greg Olsen,3100,TE,SEA,BUF,0
Texans ,3100,DST,HOU,JAX,0
Kyle Rudolph,3100,TE,MIN,DET,0
K.J. Hill,3000,WR,LAC,LV,0
Joe Reed,3000,WR,LAC,LV,0
Jason Moore,3000,WR,LAC,LV,0
Tyron Johnson,3000,WR,LAC,LV,0
Zay Jones,3000,WR,LV,LAC,0
Rico Gafford,3000,WR,LV,LAC,0
Tyrell Williams,3000,WR,LV,LAC,0
Chargers ,3000,DST,LAC,LV,0
Brandon Zylstra,3000,WR,CAR,KC,0
Pharoh Cooper,3000,WR,CAR,KC,0
Keith Kirkwood,3000,WR,CAR,KC,0
Omar Bayless,3000,WR,CAR,KC,0
Seth Roberts,3000,WR,CAR,KC,0
Byron Pringle,3000,WR,KC,CAR,0
Marcus Kemp,3000,WR,KC,CAR,0
Freddie Swain,3000,WR,SEA,BUF,0
Penny Hart,3000,WR,SEA,BUF,0
Phillip Dorsett II,3000,WR,SEA,BUF,0
Josh Gordon,3000,WR,SEA,BUF,0
Isaiah McKenzie,3000,WR,BUF,SEA,0
Andre Roberts,3000,WR,BUF,SEA,0
Isaiah Hodgins,3000,WR,BUF,SEA,0
Diontae Spencer,3000,WR,DEN,ATL,0
Tyrie Cleveland,3000,WR,DEN,ATL,0
Fred Brown,3000,WR,DEN,ATL,0
Courtland Sutton,3000,WR,DEN,ATL,0
Brandon Powell,3000,WR,ATL,DEN,0
Olamide Zaccheaus,3000,WR,ATL,DEN,0
Christian Blake,3000,WR,ATL,DEN,0
Isaiah Ford,3000,WR,MIA,ARI,0
KeeSean Johnson,3000,WR,ARI,MIA,0
Trent Sherfield,3000,WR,ARI,MIA,0
Jakeem Grant,3000,WR,MIA,ARI,0
Lynn Bowden Jr.,3000,WR,MIA,ARI,0
Mack Hollins,3000,WR,MIA,ARI,0
Devin Duvernay,3000,WR,BAL,IND,0
Chris Moore,3000,WR,BAL,IND,0
James Proche,3000,WR,BAL,IND,0
Antoine Wesley,3000,WR,BAL,IND,0
DeAndrew White,3000,WR,BAL,IND,0
Marcus Johnson,3000,WR,IND,BAL,0
Ashton Dulin,3000,WR,IND,BAL,0
Dezmon Patmon,3000,WR,IND,BAL,0
Reece Fountain,3000,WR,IND,BAL,0
Mo Alie-Cox,3000,TE,IND,BAL,0
Chris Conley,3000,WR,JAX,HOU,0
Collin Johnson,3000,WR,JAX,HOU,0
Dede Westbrook,3000,WR,JAX,HOU,0
Kenny Stills,3000,WR,HOU,JAX,0
DeAndre Carter,3000,WR,HOU,JAX,0
Keke Coutee,3000,WR,HOU,JAX,0
Isaiah Coulter,3000,WR,HOU,JAX,0
Chad Beebe,3000,WR,MIN,DET,0
Olabisi Johnson,3000,WR,MIN,DET,0
Tajae Sharpe,3000,WR,MIN,DET,0
Dan Chisena,3000,WR,MIN,DET,0
K.J. Osborn,3000,WR,MIN,DET,0
Jamal Agnew,3000,WR,DET,MIN,0
Quintez Cephus,3000,WR,DET,MIN,0
Isaiah Wright,3000,WR,WAS,NYG,0
Cam Sims,3000,WR,WAS,NYG,0
Tony Brown,3000,WR,WAS,NYG,0
Steven Sims Jr.,3000,WR,WAS,NYG,0
Antonio Gandy-Golden,3000,WR,WAS,NYG,0
Kelvin Harmon,3000,WR,WAS,NYG,0
Emanuel Hall,3000,WR,WAS,NYG,0
C.J. Board,3000,WR,NYG,WAS,0
Austin Mack,3000,WR,NYG,WAS,0
David Sills,3000,WR,NYG,WAS,0
Cody Core,3000,WR,NYG,WAS,0
Kalif Raymond,3000,WR,TEN,CHI,0
Nick Westbrook-Ikhine,3000,WR,TEN,CHI,0
Javon Wims,3000,WR,CHI,TEN,0
Ted Ginn Jr.,3000,WR,CHI,TEN,0
Riley Ridley,3000,WR,CHI,TEN,0
Titans ,3000,DST,TEN,CHI,0
James Washington,3000,WR,PIT,DAL,0
Ray-Ray McCloud III,3000,WR,PIT,DAL,0
Cedrick Wilson,3000,WR,DAL,PIT,0
Noah Brown,3000,WR,DAL,PIT,0
Malik Turner,3000,WR,DAL,PIT,0
Dan Arnold,2900,TE,ARI,MIA,0
Cardinals ,2900,DST,ARI,MIA,0
Jack Doyle,2900,TE,IND,BAL,0
James O'Shaughnessy,2900,TE,JAX,HOU,0
Irv Smith Jr.,2900,TE,MIN,DET,0
Ian Thomas,2800,TE,CAR,KC,0
Seahawks ,2800,DST,SEA,BUF,0
Albert Okwuegbunam,2800,TE,DEN,ATL,0
Dolphins ,2800,DST,MIA,ARI,0
Anthony Firkser,2800,TE,TEN,CHI,0
Will Dissly,2700,TE,SEA,BUF,0
Broncos ,2700,DST,DEN,ATL,0
Tyler Eifert,2700,TE,JAX,HOU,0
Giants ,2700,DST,NYG,WAS,0
Raiders ,2600,DST,LV,LAC,0
Virgil Green,2500,TE,LAC,LV,0
Donald Parham Jr.,2500,TE,LAC,LV,0
Stephen Anderson,2500,TE,LAC,LV,0
Jason Witten,2500,TE,LV,LAC,0
Foster Moreau,2500,TE,LV,LAC,0
Derek Carrier,2500,TE,LV,LAC,0
Nick O'Leary,2500,TE,LV,LAC,0
Chris Manhertz,2500,TE,CAR,KC,0
Colin Thompson,2500,TE,CAR,KC,0
Nick Keizer,2500,TE,KC,CAR,0
Deon Yelder,2500,TE,KC,CAR,0
Ricky Seals-Jones,2500,TE,KC,CAR,0
James Winchester,2500,TE,KC,CAR,0
Jacob Hollister,2500,TE,SEA,BUF,0
Luke Willson,2500,TE,SEA,BUF,0
Colby Parkinson,2500,TE,SEA,BUF,0
Tyler Ott,2500,TE,SEA,BUF,0
Lee Smith,2500,TE,BUF,SEA,0
Tommy Sweeney,2500,TE,BUF,SEA,0
Reggie Gilliam,2500,TE,BUF,SEA,0
Jake Butt,2500,TE,DEN,ATL,0
Nick Vannett,2500,TE,DEN,ATL,0
Austin Fort,2500,TE,DEN,ATL,0
Andrew Beck,2500,TE,DEN,ATL,0
Luke Stocker,2500,TE,ATL,DEN,0
Jaeden Graham,2500,TE,ATL,DEN,0
Falcons ,2500,DST,ATL,DEN,0
Darrell Daniels,2500,TE,ARI,MIA,0
Jordan Thomas,2500,TE,ARI,MIA,0
Maxx Williams,2500,TE,ARI,MIA,0
Evan Baylis,2500,TE,ARI,MIA,0
Adam Shaheen,2500,TE,MIA,ARI,0
Durham Smythe,2500,TE,MIA,ARI,0
Nick Boyle,2500,TE,BAL,IND,0
Noah Togiai,2500,TE,IND,BAL,0
Josh Oliver,2500,TE,JAX,HOU,0
Ben Ellefson,2500,TE,JAX,HOU,0
Tyler Davis,2500,TE,JAX,HOU,0
Pharaoh Brown,2500,TE,HOU,JAX,0
Kahale Warring,2500,TE,HOU,JAX,0
Jaguars ,2500,DST,JAX,HOU,0
Tyler Conklin,2500,TE,MIN,DET,0
Jesse James,2500,TE,DET,MIN,0
Isaac Nauta,2500,TE,DET,MIN,0
Hunter Bryant,2500,TE,DET,MIN,0
Jeremy Sprinkle,2500,TE,WAS,NYG,0
Temarrick Hemingway,2500,TE,WAS,NYG,0
Thaddeus Moss,2500,TE,WAS,NYG,0
Marcus Baugh,2500,TE,WAS,NYG,0
Kaden Smith,2500,TE,NYG,WAS,0
Levine Toilolo,2500,TE,NYG,WAS,0
Eric Tomlinson,2500,TE,NYG,WAS,0
Cole Kmet,2500,TE,CHI,TEN,0
MyCole Pruitt,2500,TE,TEN,CHI,0
Geoff Swaim,2500,TE,TEN,CHI,0
Beau Brinkley,2500,TE,TEN,CHI,0
Demetrius Harris,2500,TE,CHI,TEN,0
J.P. Holtz,2500,TE,CHI,TEN,0
Darion Clark,2500,TE,CHI,TEN,0
Patrick Scales,2500,TE,CHI,TEN,0
Vance McDonald,2500,TE,PIT,DAL,0
Zach Gentry,2500,TE,PIT,DAL,0
Blake Bell,2500,TE,DAL,PIT,0
Sean McKeon,2500,TE,DAL,PIT,0
Blake Jarwin,2500,TE,DAL,PIT,0
Bills ,2400,DST,BUF,SEA,0
Vikings ,2400,DST,MIN,DET,0
Lions ,2300,DST,DET,MIN,0
Panthers ,2100,DST,CAR,KC,0
Cowboys ,2000,DST,DAL,PIT,0
